{
   "cup":{
      "Destination":[
         "cup",
         "gallon",
         "liter",
         "pint",
         "quart",
         "fluid ounce",
         "milliliter",
         "tablespoon",
         "dash",
         "pinch",
         "teaspoon",
         "teaspoon"
      ],
      "Units":[
         1.0,
         16.0,
         4.2,
         2.0,
         4.0,
         0.125,
         0.004166666666666667,
         0.0625,
         0.0013020833333333333,
         0.0026041666666666665,
         0.020833333333333332,
         0.1625
      ]
   },
   "dash":{
      "Destination":[
         "dash",
         "pinch",
         "tablespoon",
         "teaspoon",
         "cup",
         "fluid ounce",
         "milliliter",
         "fluid ounce",
         "gallon",
         "liter",
         "pint",
         "quart",
         "gallon",
         "liter",
         "pint",
         "quart",
         "liter",
         "gallon",
         "liter",
         "pint",
         "quart",
         "gallon",
         "pint",
         "quart"
      ],
      "Units":[
         1.0,
         2.0,
         48.0,
         16.0,
         768.0,
         12.0,
         3.2,
         12.307692307692307,
         12288.0,
         3225.6000000000004,
         1536.0,
         3072.0,
         1536.0,
         408.0,
         192.0,
         384.0,
         3200.0,
         1575.3846153846152,
         418.46153846153845,
         196.9230769230769,
         393.8461538461538,
         12160.0,
         1523.8095238095239,
         3018.867924528302
      ]
   },
   "fluid ounce":{
      "Destination":[
         "cup",
         "fluid ounce",
         "gallon",
         "liter",
         "pint",
         "quart",
         "tablespoon",
         "teaspoon",
         "milliliter",
         "dash",
         "pinch",
         "dash",
         "pinch"
      ],
      "Units":[
         8.0,
         1.0,
         128.0,
         34.0,
         16.0,
         32.0,
         4.0,
         1.3,
         0.03333333333333333,
         0.08333333333333333,
         0.16666666666666666,
         0.08125,
         0.1625
      ]
   },
   "gallon":{
      "Destination":[
         "gallon",
         "cup",
         "fluid ounce",
         "liter",
         "pint",
         "quart",
         "milliliter",
         "tablespoon",
         "milliliter",
         "tablespoon",
         "teaspoon",
         "dash",
         "pinch",
         "dash",
         "pinch",
         "dash",
         "pinch",
         "dash",
         "pinch"
      ],
      "Units":[
         1.0,
         0.0625,
         0.0078125,
         0.2631578947368421,
         0.125,
         0.25,
         0.00026041666666666666,
         0.00390625,
         0.0002631578947368421,
         0.03125,
         0.01015625,
         8.138020833333333e-05,
         0.00016276041666666666,
         0.0006510416666666666,
         0.0013020833333333333,
         0.000634765625,
         0.00126953125,
         8.223684210526316e-05,
         0.0001644736842105263
      ]
   },
   "gram":{
      "Destination":[
         "gram",
         "kilogram",
         "ounce",
         "pound"
      ],
      "Units":[
         1.0,
         1000.0,
         28.0,
         454.0
      ]
   },
   "kilogram":{
      "Destination":[
         "kilogram",
         "gram",
         "ounce",
         "pound"
      ],
      "Units":[
         1.0,
         0.001,
         0.02857142857142857,
         0.45454545454545453
      ]
   },
   "liter":{
      "Destination":[
         "gallon",
         "liter",
         "cup",
         "fluid ounce",
         "milliliter",
         "pint",
         "quart",
         "tablespoon",
         "tablespoon",
         "teaspoon",
         "tablespoon",
         "teaspoon",
         "dash",
         "pinch",
         "dash",
         "pinch",
         "dash",
         "pinch",
         "dash",
         "pinch",
         "dash",
         "pinch"
      ],
      "Units":[
         3.8,
         1.0,
         0.23809523809523808,
         0.029411764705882353,
         0.001,
         0.47619047619047616,
         0.9433962264150942,
         0.01488095238095238,
         0.11764705882352941,
         0.03823529411764706,
         0.015,
         0.005,
         0.00031001984126984125,
         0.0006200396825396825,
         0.0024509803921568627,
         0.004901960784313725,
         0.00031249999999999995,
         0.0006249999999999999,
         0.0023897058823529414,
         0.004779411764705883,
         0.0003125,
         0.000625
      ]
   },
   "milliliter":{
      "Destination":[
         "cup",
         "fluid ounce",
         "liter",
         "milliliter",
         "tablespoon",
         "teaspoon",
         "gallon",
         "pint",
         "quart",
         "gallon",
         "pint",
         "quart",
         "dash",
         "pinch"
      ],
      "Units":[
         240.0,
         30.0,
         1000.0,
         1.0,
         15.0,
         5.0,
         3840.0,
         480.0,
         960.0,
         3800.0,
         476.19047619047615,
         943.3962264150942,
         0.3125,
         0.625
      ]
   },
   "ounce":{
      "Destination":[
         "kilogram",
         "ounce",
         "pound",
         "gram"
      ],
      "Units":[
         35.0,
         1.0,
         16.0,
         0.03571428571428571
      ]
   },
   "pinch":{
      "Destination":[
         "pinch",
         "tablespoon",
         "teaspoon",
         "dash",
         "cup",
         "fluid ounce",
         "milliliter",
         "fluid ounce",
         "gallon",
         "liter",
         "pint",
         "quart",
         "gallon",
         "liter",
         "pint",
         "quart",
         "liter",
         "gallon",
         "liter",
         "pint",
         "quart",
         "gallon",
         "pint",
         "quart"
      ],
      "Units":[
         1.0,
         24.0,
         8.0,
         0.5,
         384.0,
         6.0,
         1.6,
         6.153846153846153,
         6144.0,
         1612.8000000000002,
         768.0,
         1536.0,
         768.0,
         204.0,
         96.0,
         192.0,
         1600.0,
         787.6923076923076,
         209.23076923076923,
         98.46153846153845,
         196.9230769230769,
         6080.0,
         761.9047619047619,
         1509.433962264151
      ]
   },
   "pint":{
      "Destination":[
         "gallon",
         "liter",
         "pint",
         "quart",
         "cup",
         "fluid ounce",
         "milliliter",
         "tablespoon",
         "milliliter",
         "tablespoon",
         "teaspoon",
         "dash",
         "pinch",
         "dash",
         "pinch",
         "dash",
         "pinch",
         "dash",
         "pinch"
      ],
      "Units":[
         8.0,
         2.1,
         1.0,
         2.0,
         0.5,
         0.0625,
         0.0020833333333333333,
         0.03125,
         0.0021000000000000003,
         0.25,
         0.08125,
         0.0006510416666666666,
         0.0013020833333333333,
         0.005208333333333333,
         0.010416666666666666,
         0.005078125,
         0.01015625,
         0.0006562500000000001,
         0.0013125000000000003
      ]
   },
   "pound":{
      "Destination":[
         "kilogram",
         "pound",
         "gram",
         "ounce"
      ],
      "Units":[
         2.2,
         1.0,
         0.0022026431718061676,
         0.0625
      ]
   },
   "quart":{
      "Destination":[
         "gallon",
         "liter",
         "quart",
         "cup",
         "fluid ounce",
         "pint",
         "milliliter",
         "tablespoon",
         "milliliter",
         "tablespoon",
         "teaspoon",
         "dash",
         "pinch",
         "dash",
         "pinch",
         "dash",
         "pinch",
         "dash",
         "pinch"
      ],