{"precision": [0.6642570994223168, 0.8007111111111112, 0.7458939112487101, 0.7556933730715287, 0.7783220706362362], "f1": [0.6472177339901477, 0.6094204460675624, 0.5989958669890759, 0.7443041361550039, 0.6355811960479084], "name": "LogisticRegression (TruncatedSVD)", "accuracy": [0.688, 0.648, 0.624, 0.7661290322580645, 0.6532258064516129], "recall": [0.688, 0.648, 0.624, 0.7661290322580645, 0.6532258064516129], "time": [51.720046043395996, 48.69587206840515, 46.39370799064636, 45.67363405227661, 47.21500587463379], "model": "Pipeline(steps=[('normalize', TextNormalizer(language=None)), ('vectorize', TfidfVectorizer(analyzer='word', binary=False, decode_error='strict',\n        dtype=<class 'numpy.int64'>, encoding='utf-8', input='content',\n        lowercase=False, max_df=1.0, max_features=None, min_df=1,\n        ngram_range=(1, 1...ty='l2', random_state=None, solver='liblinear', tol=0.0001,\n          verbose=0, warm_start=False))])"}
{"precision": [0.8326045548654245, 0.7599084967320262, 0.7339100929581479, 0.7747667193983997, 0.5781526657485736], "f1": [0.6905891252955082, 0.6760540225243415, 0.6776942219903482, 0.6595923089241063, 0.5889254385964913], "name": "LogisticRegression", "accuracy": [0.704, 0.696, 0.704, 0.6854838709677419, 0.6370967741935484], "recall": [0.704, 0.696, 0.704, 0.6854838709677419, 0.6370967741935484], "time": [2.9802780151367188, 2.6710128784179688, 2.9810431003570557, 2.6551640033721924, 2.6742379665374756], "model": "Pipeline(steps=[('normalize', TextNormalizer(language=None)), ('vectorize', TfidfVectorizer(analyzer='word', binary=False, decode_error='strict',\n        dtype=<class 'numpy.int64'>, encoding='utf-8', input='content',\n        lowercase=False, max_df=1.0, max_features=None, min_df=1,\n        ngram_range=(1, 1...ty='l2', random_state=None, solver='liblinear', tol=0.0001,\n          verbose=0, warm_start=False))])"}
{"precision": [0.7714699792960663, 0.8218095238095239, 0.8357042735042735, 0.8350225394817424, 0.7883369990224829], "f1": [0.7447367441860465, 0.668955723272441, 0.8171891895637863, 0.829163564564706, 0.7689369204649341], "name": "SGDClassifier (TruncatedSVD)", "accuracy": [0.744, 0.648, 0.816, 0.8306451612903226, 0.7741935483870968], "recall": [0.744, 0.648, 0.816, 0.8306451612903226, 0.7741935483870968], "time": [47.11687994003296, 48.38714599609375, 46.761122941970825, 46.522266149520874, 49.17130184173584], "model": "Pipeline(steps=[('normalize', TextNormalizer(language=None)), ('vectorize', TfidfVectorizer(analyzer='word', binary=False, decode_error='strict',\n        dtype=<class 'numpy.int64'>, encoding='utf-8', input='content',\n        lowercase=False, max_df=1.0, max_features=None, min_df=1,\n        ngram_range=(1, 1...   penalty='l2', power_t=0.5, random_state=None, shuffle=True,\n       verbose=0, warm_start=False))])"}
{"precision": [0.8621231671554253, 0.7984864311315925, 0.8224031584115475, 0.8648108049739708, 0.7575898190817546], "f1": [0.8552302929268873, 0.7865450944434256, 0.8026401154042053, 0.8621182035029401, 0.7452919176085582], "name": "SGDClassifier", "accuracy": [0.856, 0.784, 0.808, 0.8629032258064516, 0.7419354838709677], "recall": [0.856, 0.784, 0.808, 0.8629032258064516, 0.7419354838709677], "time": [2.960338830947876, 2.935680866241455, 2.9780750274658203, 3.022966146469116, 2.7358148097991943], "model": "Pipeline(steps=[('normalize', TextNormalizer(language=None)), ('vectorize', TfidfVectorizer(analyzer='word', binary=False, decode_error='strict',\n        dtype=<class 'numpy.int64'>, encoding='utf-8', input='content',\n        lowercase=False, max_df=1.0, max_features=None, min_df=1,\n        ngram_range=(1, 1...   penalty='l2', power_t=0.5, random_state=None, shuffle=True,\n       verbose=0, warm_start=False))])"}
{"precision": [0.7261443053070961, 0.7342117647058823, 0.6886153846153846, 0.6849008938981733, 0.6448470883954754], "f1": [0.5601484848484849, 0.5548688730624215, 0.46034074074074066, 0.5646528107749796, 0.42046850998463897], "name": "MultinomialNB", "accuracy": [0.624, 0.592, 0.528, 0.6048387096774194, 0.4596774193548387], "recall": [0.624, 0.592, 0.528, 0.6048387096774194, 0.4596774193548387], "time": [2.98445200920105, 2.957841157913208, 2.9200220108032227, 2.930696964263916, 2.9798080921173096], "model": "Pipeline(steps=[('normalize', TextNormalizer(language=None)), ('vectorize', TfidfVectorizer(analyzer='word', binary=False, decode_error='strict',\n        dtype=<class 'numpy.int64'>, encoding='utf-8', input='content',\n        lowercase=False, max_df=1.0, max_features=None, min_df=1,\n        ngram_range=(1, 1...      vocabulary=None)), ('classifier', MultinomialNB(alpha=1.0, class_prior=None, fit_prior=True))])"}
{"precision": [0.29712525879917184, 0.3156783216783217, 0.35679227053140095, 0.3265036548546003, 0.27585820251854404], "f1": [0.19671445717403163, 0.2683532467532468, 0.21620656990068757, 0.26868474364968054, 0.21086880500000585], "name": "GaussianNB (TruncatedSVD)", "accuracy": [0.32, 0.36, 0.304, 0.3548387096774194, 0.27419354838709675], "recall": [0.32, 0.36, 0.304, 0.3548387096774194, 0.27419354838709675], "time": [47.37304711341858, 46.38194298744202, 51.08053398132324, 48.06889486312866, 50.405385971069336], "model": "Pipeline(steps=[('normalize', TextNormalizer(language=None)), ('vectorize', TfidfVectorizer(analyzer='word', binary=False, decode_error='strict',\n        dtype=<class 'numpy.int64'>, encoding='utf-8', input='content',\n        lowercase=False, max_df=1.0, max_features=None, min_df=1,\n        ngram_range=(1, 1...nents=10000, n_iter=5,\n       random_state=None, tol=0.0)), ('classifier', GaussianNB(priors=None))])"}
